bloque,prod_dia,algoritmo,tc_h,causa,ta_max_ms,ejecuciones,productos_entregados
1,104.5,ALNS,48.00,N,91,48,205
1,104.5,GA,48.00,N,94,48,205
2,143.5,ALNS,48.00,N,76,48,287
2,143.5,GA,48.00,N,125,48,277
3,196.0,ALNS,48.00,N,34,48,362
3,196.0,GA,48.00,N,93,48,362
4,176.5,ALNS,48.00,N,40,48,348
4,176.5,GA,48.00,N,94,48,353
5,259.5,ALNS,48.00,N,60,48,492
5,259.5,GA,48.00,N,230,48,492
6,274.0,ALNS,48.00,N,49,48,538
6,274.0,GA,48.00,N,119,48,536
7,338.0,ALNS,48.00,N,105,48,639
7,338.0,GA,34.13,P,413,35,486
8,507.5,ALNS,48.00,N,201,48,922
8,507.5,GA,48.00,N,1234,48,924
9,535.5,ALNS,48.00,N,322,48,973
9,535.5,GA,48.00,N,968,48,961
10,734.0,ALNS,48.00,N,596,48,1345
10,734.0,GA,48.00,N,1832,48,1319
11,815.5,ALNS,48.00,N,1349,48,1472
11,815.5,GA,48.00,N,2009,48,1456
12,1118.5,ALNS,25.87,P,1927,26,871
12,1118.5,GA,48.00,N,2028,48,1927
13,1230.5,ALNS,25.72,P,2000,26,958
13,1230.5,GA,48.00,N,2023,48,2151
14,1546.5,ALNS,48.00,N,2003,48,2675
14,1546.5,GA,39.53,P,2052,40,2030
15,2019.0,ALNS,48.00,N,2003,48,3220
15,2019.0,GA,20.90,P,2027,21,1139
16,2215.5,ALNS,48.00,N,2004,48,3297
16,2215.5,GA,14.18,P,2060,15,839
17,2824.0,ALNS,48.00,N,2008,48,3461
17,2824.0,GA,9.07,P,2065,10,511
18,3541.5,ALNS,28.73,P,2005,29,2183
18,3541.5,GA,11.45,P,2050,12,701
19,3876.0,ALNS,25.57,P,2007,26,1902
19,3876.0,GA,7.07,P,2031,8,416
20,5254.5,ALNS,16.98,P,2006,17,1218
20,5254.5,GA,6.62,P,2038,7,430
